package,access_time,days_since_min_epoch,access_date
gzip,2019-06-13 05:21:37,0 days 00:00:00,2019-06-13
kbd,2019-06-13 05:21:37,0 days 00:00:00,2019-06-13
iputils-ping,2019-06-13 05:21:37,0 days 00:00:00,2019-06-13
coreutils,2019-06-13 05:21:37,0 days 00:00:00,2019-06-13
busybox-static,2019-06-13 05:21:37,0 days 00:00:00,2019-06-13
util-linux,2019-06-13 05:21:37,0 days 00:00:00,2019-06-13
iproute2,2019-06-13 05:21:38,0 days 00:00:00.000011574,2019-06-13
ed,2019-06-13 05:21:38,0 days 00:00:00.000011574,2019-06-13
netcat-openbsd,2019-06-13 05:21:38,0 days 00:00:00.000011574,2019-06-13
gnupg-utils,2019-06-13 05:21:48,0 days 00:00:00.000127314,2019-06-13
rename,2019-06-13 05:21:48,0 days 00:00:00.000127314,2019-06-13
wget,2019-06-13 05:21:48,0 days 00:00:00.000127314,2019-06-13
xz-utils,2019-06-13 05:21:48,0 days 00:00:00.000127314,2019-06-13
ncurses-bin,2019-06-13 05:21:48,0 days 00:00:00.000127314,2019-06-13
bsdmainutils,2019-06-13 05:21:48,0 days 00:00:00.000127314,2019-06-13
groff-base,2019-06-13 05:21:48,0 days 00:00:00.000127314,2019-06-13
usbutils,2019-06-13 05:21:48,0 days 00:00:00.000127314,2019-06-13
console-setup,2019-06-13 05:21:48,0 days 00:00:00.000127314,2019-06-13
sensible-utils,2019-06-13 05:21:49,0 days 00:00:00.000138888,2019-06-13
uuid-runtime,2019-06-13 05:21:49,0 days 00:00:00.000138888,2019-06-13
ssh-import-id,2019-06-13 05:21:49,0 days 00:00:00.000138888,2019-06-13
mawk,2019-06-13 05:21:49,0 days 00:00:00.000138888,2019-06-13
man-db,2019-06-13 05:21:49,0 days 00:00:00.000138888,2019-06-13
lshw,2019-06-13 05:21:49,0 days 00:00:00.000138888,2019-06-13
smistrip,2019-06-13 05:21:49,0 days 00:00:00.000138888,2019-06-13
python3-chardet,2019-06-13 05:21:49,0 days 00:00:00.000138888,2019-06-13
gettext-base,2019-06-13 05:21:49,0 days 00:00:00.000138888,2019-06-13
pciutils,2019-06-13 05:21:49,0 days 00:00:00.000138888,2019-06-13
diffutils,2019-06-13 05:21:50,0 days 00:00:00.000150462,2019-06-13
firebird3.0-utils,2019-06-13 05:21:50,0 days 00:00:00.000150462,2019-06-13
passwd,2019-06-13 05:21:50,0 days 00:00:00.000150462,2019-06-13
units,2019-06-13 05:21:50,0 days 00:00:00.000150462,2019-06-13
ltrace,2019-06-13 05:21:50,0 days 00:00:00.000150462,2019-06-13
mime-support,2019-06-13 05:21:50,0 days 00:00:00.000150462,2019-06-13
info,2019-06-13 05:21:50,0 days 00:00:00.000150462,2019-06-13
ucf,2019-06-13 05:21:50,0 days 00:00:00.000150462,2019-06-13
traceroute,2019-06-13 05:21:50,0 days 00:00:00.000150462,2019-06-13
language-selector-common,2019-06-13 05:21:50,0 days 00:00:00.000150462,2019-06-13
bash-completion,2019-06-13 05:21:51,0 days 00:00:00.000162037,2019-06-13
time,2019-06-13 05:21:51,0 days 00:00:00.000162037,2019-06-13
mtr-tiny,2019-06-13 05:21:51,0 days 00:00:00.000162037,2019-06-13
iputils-tracepath,2019-06-13 05:21:51,0 days 00:00:00.000162037,2019-06-13
grep,2019-06-13 05:21:51,0 days 00:00:00.000162037,2019-06-13
lsof,2019-06-13 05:21:52,0 days 00:00:00.000173611,2019-06-13
eject,2019-06-13 05:21:52,0 days 00:00:00.000173611,2019-06-13
ftp,2019-06-13 05:21:52,0 days 00:00:00.000173611,2019-06-13
login,2019-06-13 05:21:52,0 days 00:00:00.000173611,2019-06-13
firebird3.0-server,2019-06-13 05:21:52,0 days 00:00:00.000173611,2019-06-13
snmp-mibs-downloader,2019-06-13 05:21:52,0 days 00:00:00.000173611,2019-06-13
telnet,2019-06-13 05:21:52,0 days 00:00:00.000173611,2019-06-13
xdg-user-dirs,2019-06-13 05:21:52,0 days 00:00:00.000173611,2019-06-13
strace,2019-06-13 05:21:52,0 days 00:00:00.000173611,2019-06-13
shared-mime-info,2019-06-13 05:21:53,0 days 00:00:00.000185185,2019-06-13
findutils,2019-06-13 05:21:53,0 days 00:00:00.000185185,2019-06-13
xauth,2019-06-13 05:21:53,0 days 00:00:00.000185185,2019-06-13
dc,2019-06-13 05:21:53,0 days 00:00:00.000185185,2019-06-13
adduser,2019-06-13 05:21:53,0 days 00:00:00.000185185,2019-06-13
base-passwd,2019-06-13 05:21:53,0 days 00:00:00.000185185,2019-06-13
python3-minimal,2019-06-13 05:21:53,0 days 00:00:00.000185185,2019-06-13
debianutils,2019-06-13 05:21:53,0 days 00:00:00.000185185,2019-06-13
gpgv,2019-06-13 05:21:54,0 days 00:00:00.000196759,2019-06-13
sed,2019-06-13 05:21:54,0 days 00:00:00.000196759,2019-06-13
lsb-release,2019-06-13 05:21:54,0 days 00:00:00.000196759,2019-06-13
less,2019-06-13 05:21:54,0 days 00:00:00.000196759,2019-06-13
iptables,2019-06-13 05:21:54,0 days 00:00:00.000196759,2019-06-13
gpg,2019-06-13 05:21:54,0 days 00:00:00.000196759,2019-06-13
init-system-helpers,2019-06-13 05:21:54,0 days 00:00:00.000196759,2019-06-13
cron,2019-06-13 05:21:54,0 days 00:00:00.000196759,2019-06-13
sshpass,2019-06-13 05:21:54,0 days 00:00:00.000196759,2019-06-13
manpages,2019-06-13 05:21:54,0 days 00:00:00.000196759,2019-06-13
powermgmt-base,2019-06-13 05:21:54,0 days 00:00:00.000196759,2019-06-13
whiptail,2019-06-13 05:21:54,0 days 00:00:00.000196759,2019-06-13
libcap2-bin,2019-06-13 05:21:54,0 days 00:00:00.000196759,2019-06-13
parted,2019-06-13 05:21:55,0 days 00:00:00.000208333,2019-06-13
irqbalance,2019-06-13 05:21:55,0 days 00:00:00.000208333,2019-06-13
xkb-data,2019-06-13 05:21:55,0 days 00:00:00.000208333,2019-06-13
nano,2019-06-13 05:21:55,0 days 00:00:00.000208333,2019-06-13
libsemanage-common,2019-06-13 05:21:55,0 days 00:00:00.000208333,2019-06-13
ufw,2019-06-13 05:21:55,0 days 00:00:00.000208333,2019-06-13
install-info,2019-06-13 05:21:55,0 days 00:00:00.000208333,2019-06-13
keyboard-configuration,2019-06-13 05:21:55,0 days 00:00:00.000208333,2019-06-13
kmod,2019-06-13 05:21:55,0 days 00:00:00.000208333,2019-06-13
lvm2,2019-06-13 05:21:55,0 days 00:00:00.000208333,2019-06-13
popularity-contest,2019-06-13 05:21:55,0 days 00:00:00.000208333,2019-06-13
hdparm,2019-06-13 05:21:55,0 days 00:00:00.000208333,2019-06-13
lft,2019-06-13 05:21:55,0 days 00:00:00.000208333,2019-06-13
rsyslog,2019-06-13 05:21:55,0 days 00:00:00.000208333,2019-06-13
sysvinit-utils,2019-06-13 05:21:55,0 days 00:00:00.000208333,2019-06-13
grub-gfxpayload-lists,2019-06-13 05:21:55,0 days 00:00:00.000208333,2019-06-13
dmeventd,2019-06-13 05:21:55,0 days 00:00:00.000208333,2019-06-13
dmsetup,2019-06-13 05:21:55,0 days 00:00:00.000208333,2019-06-13
isc-dhcp-common,2019-06-13 05:21:55,0 days 00:00:00.000208333,2019-06-13
crda,2019-06-13 05:21:55,0 days 00:00:00.000208333,2019-06-13
iw,2019-06-13 05:21:55,0 days 00:00:00.000208333,2019-06-13
liblocale-gettext-perl,2019-06-13 05:21:56,0 days 00:00:00.000219907,2019-06-13
libdrm-common,2019-06-13 05:21:56,0 days 00:00:00.000219907,2019-06-13
libtext-charwidth-perl,2019-06-13 05:21:56,0 days 00:00:00.000219907,2019-06-13
libtext-iconv-perl,2019-06-13 05:21:56,0 days 00:00:00.000219907,2019-06-13
libaudit-common,2019-06-13 05:21:56,0 days 00:00:00.000219907,2019-06-13
libtext-wrapi18n-perl,2019-06-13 05:21:56,0 days 00:00:00.000219907,2019-06-13
libwrap0:amd64,2019-06-13 05:21:56,0 days 00:00:00.000219907,2019-06-13
fontconfig-config,2019-06-13 05:21:56,0 days 00:00:00.000219907,2019-06-13
readline-common,2019-06-13 05:21:56,0 days 00:00:00.000219907,2019-06-13
libpcre3:amd64,2019-06-13 05:21:56,0 days 00:00:00.000219907,2019-06-13
gawk,2019-06-13 05:21:56,0 days 00:00:00.000219907,2019-06-13
dash,2019-06-13 05:21:58,0 days 00:00:00.000243055,2019-06-13
iso-codes,2019-06-13 05:21:58,0 days 00:00:00.000243055,2019-06-13
mount,2019-06-13 05:21:59,0 days 00:00:00.000254629,2019-06-13
ncurses-term,2019-06-13 05:22:00,0 days 00:00:00.000266203,2019-06-13
logrotate,2019-06-13 05:22:01,0 days 00:00:00.000277777,2019-06-13
libpci3:amd64,2019-06-13 05:22:01,0 days 00:00:00.000277777,2019-06-13
libgpg-error0:amd64,2019-06-13 05:22:01,0 days 00:00:00.000277777,2019-06-13
libklibc:amd64,2019-06-13 05:22:01,0 days 00:00:00.000277777,2019-06-13
python3-dbus,2019-06-13 05:22:01,0 days 00:00:00.000277777,2019-06-13
libfribidi0:amd64,2019-06-13 05:22:02,0 days 00:00:00.000289351,2019-06-13
liburiparser1:amd64,2019-06-13 05:22:02,0 days 00:00:00.000289351,2019-06-13
libslang2:amd64,2019-06-13 05:22:02,0 days 00:00:00.000289351,2019-06-13
busybox-initramfs,2019-06-13 05:22:02,0 days 00:00:00.000289351,2019-06-13
libheimbase1-heimdal:amd64,2019-06-13 05:22:02,0 days 00:00:00.000289351,2019-06-13
libheimntlm0-heimdal:amd64,2019-06-13 05:22:02,0 days 00:00:00.000289351,2019-06-13
libhx509-5-heimdal:amd64,2019-06-13 05:22:02,0 days 00:00:00.000289351,2019-06-13
libxpm4:amd64,2019-06-13 05:22:02,0 days 00:00:00.000289351,2019-06-13
libnl-3-200:amd64,2019-06-13 05:22:02,0 days 00:00:00.000289351,2019-06-13
libcap-ng0:amd64,2019-06-13 05:22:02,0 days 00:00:00.000289351,2019-06-13
python3-commandnotfound,2019-06-13 05:22:02,0 days 00:00:00.000289351,2019-06-13
libmnl0:amd64,2019-06-13 05:22:02,0 days 00:00:00.000289351,2019-06-13
dosfstools,2019-06-13 05:22:02,0 days 00:00:00.000289351,2019-06-13
libapache2-mod-php,2019-06-13 05:22:02,0 days 00:00:00.000289351,2019-06-13
python3-gi,2019-06-13 05:22:02,0 days 00:00:00.000289351,2019-06-13
libpipeline1:amd64,2019-06-13 05:22:02,0 days 00:00:00.000289351,2019-06-13
libxau6:amd64,2019-06-13 05:22:02,0 days 00:00:00.000289351,2019-06-13
libblas3:amd64,2019-06-13 05:22:03,0 days 00:00:00.000300925,2019-06-13
libfontconfig1:amd64,2019-06-13 05:22:03,0 days 00:00:00.000300925,2019-06-13
gnupg,2019-06-13 05:22:03,0 days 00:00:00.000300925,2019-06-13
libgirepository-1.0-1:amd64,2019-06-13 05:22:03,0 days 00:00:00.000300925,2019-06-13
ncurses-base,2019-06-13 05:22:03,0 days 00:00:00.000300925,2019-06-13
libedit2:amd64,2019-06-13 05:22:03,0 days 00:00:00.000300925,2019-06-13
libdevmapper1.02.1:amd64,2019-06-13 05:22:03,0 days 00:00:00.000300925,2019-06-13
friendly-recovery,2019-06-13 05:22:03,0 days 00:00:00.000300925,2019-06-13
libhcrypto4-heimdal:amd64,2019-06-13 05:22:03,0 days 00:00:00.000300925,2019-06-13
command-not-found,2019-06-13 05:22:03,0 days 00:00:00.000300925,2019-06-13
php,2019-06-13 05:22:03,0 days 00:00:00.000300925,2019-06-13
php-gd,2019-06-13 05:22:03,0 days 00:00:00.000300925,2019-06-13
php-interbase,2019-06-13 05:22:03,0 days 00:00:00.000300925,2019-06-13
libroken18-heimdal:amd64,2019-06-13 05:22:03,0 days 00:00:00.000300925,2019-06-13
libselinux1:amd64,2019-06-13 05:22:03,0 days 00:00:00.000300925,2019-06-13
libxcb1:amd64,2019-06-13 05:22:03,0 days 00:00:00.000300925,2019-06-13
liblapack3:amd64,2019-06-13 05:22:03,0 days 00:00:00.000300925,2019-06-13
netbase,2019-06-13 05:22:04,0 days 00:00:00.000312500,2019-06-13
librtmp1:amd64,2019-06-13 05:22:04,0 days 00:00:00.000312500,2019-06-13
libwind0-heimdal:amd64,2019-06-13 05:22:04,0 days 00:00:00.000312500,2019-06-13
libparted2:amd64,2019-06-13 05:22:04,0 days 00:00:00.000312500,2019-06-13
libreadline5:amd64,2019-06-13 05:22:04,0 days 00:00:00.000312500,2019-06-13
libsasl2-modules:amd64,2019-06-13 05:22:04,0 days 00:00:00.000312500,2019-06-13
libsigsegv2:amd64,2019-06-13 05:22:04,0 days 00:00:00.000312500,2019-06-13
libnfnetlink0:amd64,2019-06-13 05:22:04,0 days 00:00:00.000312500,2019-06-13
libxdmcp6:amd64,2019-06-13 05:22:04,0 days 00:00:00.000312500,2019-06-13
libkmod2:amd64,2019-06-13 05:22:04,0 days 00:00:00.000312500,2019-06-13
libtasn1-6:amd64,2019-06-13 05:22:04,0 days 00:00:00.000312500,2019-06-13
python3-gdbm:amd64,2019-06-13 05:22:04,0 days 00:00:00.000312500,2019-06-13
libaudit1:amd64,2019-06-13 05:22:04,0 days 00:00:00.000312500,2019-06-13
libaprutil1:amd64,2019-06-13 05:22:04,0 days 00:00:00.000312500,2019-06-13
fonts-dejavu-core,2019-06-13 05:22:04,0 days 00:00:00.000312500,2019-06-13
hostname,2019-06-13 05:22:04,0 days 00:00:00.000312500,2019-06-13
iucode-tool,2019-06-13 05:22:04,0 days 00:00:00.000312500,2019-06-13
libasn1-8-heimdal:amd64,2019-06-13 05:22:04,0 days 00:00:00.000312500,2019-06-13
os-prober,2019-06-13 05:22:04,0 days 00:00:00.000312500,2019-06-13
libestr0:amd64,2019-06-13 05:22:04,0 days 00:00:00.000312500,2019-06-13
init,2019-06-13 05:22:05,0 days 00:00:00.000324074,2019-06-13
python3-six,2019-06-13 05:22:05,0 days 00:00:00.000324074,2019-06-13
libkrb5-26-heimdal:amd64,2019-06-13 05:22:05,0 days 00:00:00.000324074,2019-06-13
libaprutil1-dbd-sqlite3:amd64,2019-06-13 05:22:05,0 days 00:00:00.000324074,2019-06-13
libpython3-stdlib:amd64,2019-06-13 05:22:05,0 days 00:00:00.000324074,2019-06-13
libkeyutils1:amd64,2019-06-13 05:22:05,0 days 00:00:00.000324074,2019-06-13
libsemanage1:amd64,2019-06-13 05:22:05,0 days 00:00:00.000324074,2019-06-13
gir1.2-glib-2.0:amd64,2019-06-13 05:22:05,0 days 00:00:00.000324074,2019-06-13
libacl1:amd64,2019-06-13 05:22:05,0 days 00:00:00.000324074,2019-06-13
libattr1:amd64,2019-06-13 05:22:05,0 days 00:00:00.000324074,2019-06-13
libdebconfclient0:amd64,2019-06-13 05:22:05,0 days 00:00:00.000324074,2019-06-13
libnl-genl-3-200:amd64,2019-06-13 05:22:05,0 days 00:00:00.000324074,2019-06-13
libjbig0:amd64,2019-06-13 05:22:05,0 days 00:00:00.000324074,2019-06-13
libnuma1:amd64,2019-06-13 05:22:06,0 days 00:00:00.000335648,2019-06-13
liblzma5:amd64,2019-06-13 05:22:06,0 days 00:00:00.000335648,2019-06-13
libmpdec2:amd64,2019-06-13 05:22:06,0 days 00:00:00.000335648,2019-06-13
libnewt0.52:amd64,2019-06-13 05:22:06,0 days 00:00:00.000335648,2019-06-13
libaprutil1-ldap:amd64,2019-06-13 05:22:06,0 days 00:00:00.000335648,2019-06-13
python3-pkg-resources,2019-06-13 05:22:06,0 days 00:00:00.000335648,2019-06-13
libfuse2:amd64,2019-06-13 05:22:06,0 days 00:00:00.000335648,2019-06-13
libxext6:amd64,2019-06-13 05:22:06,0 days 00:00:00.000335648,2019-06-13
libxmuu1:amd64,2019-06-13 05:22:06,0 days 00:00:00.000335648,2019-06-13
libgmp10:amd64,2019-06-13 05:22:06,0 days 00:00:00.000335648,2019-06-13
libdevmapper-event1.02.1:amd64,2019-06-13 05:22:06,0 days 00:00:00.000335648,2019-06-13
libatm1:amd64,2019-06-13 05:22:06,0 days 00:00:00.000335648,2019-06-13
libdbus-glib-1-2:amd64,2019-06-13 05:22:06,0 days 00:00:00.000335648,2019-06-13
libusb-1.0-0:amd64,2019-06-13 05:22:06,0 days 00:00:00.000335648,2019-06-13
libgssapi3-heimdal:amd64,2019-06-13 05:22:06,0 days 00:00:00.000335648,2019-06-13
php-zip,2019-06-13 05:22:06,0 days 00:00:00.000335648,2019-06-13
libpopt0:amd64,2019-06-13 05:22:06,0 days 00:00:00.000335648,2019-06-13
php-xml,2019-06-13 05:22:07,0 days 00:00:00.000347222,2019-06-13
php-common,2019-06-13 05:22:07,0 days 00:00:00.000347222,2019-06-13
libjpeg8:amd64,2019-06-13 05:22:07,0 days 00:00:00.000347222,2019-06-13
libgpm2:amd64,2019-06-13 05:22:07,0 days 00:00:00.000347222,2019-06-13
lsb-base,2019-06-13 05:22:07,0 days 00:00:00.000347222,2019-06-13
libdrm2:amd64,2019-06-13 05:22:07,0 days 00:00:00.000347222,2019-06-13
console-setup-linux,2019-06-13 05:22:07,0 days 00:00:00.000347222,2019-06-13
python3,2019-06-13 05:22:07,0 days 00:00:00.000347222,2019-06-13
python3-requests,2019-06-13 05:22:07,0 days 00:00:00.000347222,2019-06-13
libsepol1:amd64,2019-06-13 05:22:07,0 days 00:00:00.000347222,2019-06-13
libcap2:amd64,2019-06-13 05:22:07,0 days 00:00:00.000347222,2019-06-13
libpolkit-gobject-1-0:amd64,2019-06-13 05:22:07,0 days 00:00:00.000347222,2019-06-13
klibc-utils,2019-06-13 05:22:09,0 days 00:00:00.000370370,2019-06-13
libib-util:amd64,2019-06-13 05:22:09,0 days 00:00:00.000370370,2019-06-13
libsensors-config,2019-06-13 05:27:11,0 days 00:00:00.003865740,2019-06-13
open-iscsi,2019-06-13 05:27:12,0 days 00:00:00.003877314,2019-06-13
fuse,2019-06-13 05:27:12,0 days 00:00:00.003877314,2019-06-13
usb.ids,2019-06-13 05:30:48,0 days 00:00:00.006377314,2019-06-13
apparmor,2020-06-16 09:11:38,0 days 00:06:09.159733796,2020-06-16
e2fsprogs,2020-06-16 09:11:45,0 days 00:06:09.159814814,2020-06-16
logsave,2020-06-16 09:11:46,0 days 00:06:09.159826388,2020-06-16
patch,2020-06-16 09:11:48,0 days 00:06:09.159849537,2020-06-16
sysstat,2020-06-16 09:12:04,0 days 00:06:09.160034722,2020-06-16
tcpdump,2020-06-16 09:12:06,0 days 00:06:09.160057870,2020-06-16
python3-update-manager,2020-06-16 09:12:07,0 days 00:06:09.160069444,2020-06-16
update-manager-core,2020-06-16 09:12:07,0 days 00:06:09.160069444,2020-06-16
bash,2020-06-16 09:12:41,0 days 00:06:09.160462962,2020-06-16
bsdutils,2020-06-16 09:12:42,0 days 00:06:09.160474537,2020-06-16
fdisk,2020-06-16 09:12:44,0 days 00:06:09.160497685,2020-06-16
bzip2,2020-06-16 09:12:47,0 days 00:06:09.160532407,2020-06-16
libbz2-1.0:amd64,2020-06-16 09:12:47,0 days 00:06:09.160532407,2020-06-16
libuuid1:amd64,2020-06-16 09:12:55,0 days 00:06:09.160625,2020-06-16
procps,2020-06-16 09:12:55,0 days 00:06:09.160625,2020-06-16
libblkid1:amd64,2020-06-16 09:12:55,0 days 00:06:09.160625,2020-06-16
libapparmor1:amd64,2020-06-16 09:12:55,0 days 00:06:09.160625,2020-06-16
libexpat1-dev:amd64,2020-06-16 09:12:58,0 days 00:06:09.160659722,2020-06-16
debconf,2020-06-16 09:12:58,0 days 00:06:09.160659722,2020-06-16
libexpat1:amd64,2020-06-16 09:12:58,0 days 00:06:09.160659722,2020-06-16
debconf-i18n,2020-06-16 09:12:58,0 days 00:06:09.160659722,2020-06-16
python3-debconf,2020-06-16 09:12:58,0 days 00:06:09.160659722,2020-06-16
cpio,2020-06-16 09:12:58,0 days 00:06:09.160659722,2020-06-16
libmount1:amd64,2020-06-16 09:13:01,0 days 00:06:09.160694444,2020-06-16
zlib1g:amd64,2020-06-16 09:13:01,0 days 00:06:09.160694444,2020-06-16
libdb5.3:amd64,2020-06-16 09:13:02,0 days 00:06:09.160706018,2020-06-16
libfdisk1:amd64,2020-06-16 09:13:15,0 days 00:06:09.160856481,2020-06-16
libss2:amd64,2020-06-16 09:13:16,0 days 00:06:09.160868055,2020-06-16
amd64-microcode,2020-06-16 09:13:16,0 days 00:06:09.160868055,2020-06-16
dmidecode,2020-06-16 09:13:16,0 days 00:06:09.160868055,2020-06-16
file,2020-06-16 09:13:16,0 days 00:06:09.160868055,2020-06-16
rsync,2020-06-16 09:13:16,0 days 00:06:09.160868055,2020-06-16
libbsd0:amd64,2020-06-16 09:13:16,0 days 00:06:09.160868055,2020-06-16
libelf1:amd64,2020-06-16 09:13:16,0 days 00:06:09.160868055,2020-06-16
libmagic1:amd64,2020-06-16 09:13:16,0 days 00:06:09.160868055,2020-06-16
linux-firmware,2020-06-16 09:13:16,0 days 00:06:09.160868055,2020-06-16
libxslt1.1:amd64,2020-06-16 09:13:16,0 days 00:06:09.160868055,2020-06-16
libpcap0.8:amd64,2020-06-16 09:13:16,0 days 00:06:09.160868055,2020-06-16
psmisc,2020-06-16 09:13:16,0 days 00:06:09.160868055,2020-06-16
libsasl2-2:amd64,2020-06-16 09:13:16,0 days 00:06:09.160868055,2020-06-16
libsasl2-modules-db:amd64,2020-06-16 09:13:16,0 days 00:06:09.160868055,2020-06-16
libsmartcols1:amd64,2020-06-16 09:13:16,0 days 00:06:09.160868055,2020-06-16
mysql-common,2020-06-16 09:14:43,0 days 00:06:09.161875,2020-06-16
smartmontools,2020-11-03 10:01:47,0 days 00:08:29.194560185,2020-11-03
snmpd,2020-11-03 10:01:49,0 days 00:08:29.194583333,2020-11-03
snmp,2020-11-03 10:01:49,0 days 00:08:29.194583333,2020-11-03
base-files,2020-11-03 10:01:56,0 days 00:08:29.194664351,2020-11-03
dbus,2020-11-03 10:02:32,0 days 00:08:29.195081018,2020-11-03
linux-base,2020-11-03 10:02:32,0 days 00:08:29.195081018,2020-11-03
initramfs-tools,2020-11-03 10:02:32,0 days 00:08:29.195081018,2020-11-03
libdbus-1-3:amd64,2020-11-03 10:02:32,0 days 00:08:29.195081018,2020-11-03
initramfs-tools-bin,2020-11-03 10:02:32,0 days 00:08:29.195081018,2020-11-03
initramfs-tools-core,2020-11-03 10:02:32,0 days 00:08:29.195081018,2020-11-03
libjpeg-turbo8:amd64,2020-11-03 10:02:33,0 days 00:08:29.195092592,2020-11-03
libsqlite3-0:amd64,2020-11-03 10:02:33,0 days 00:08:29.195092592,2020-11-03
ubuntu-standard,2020-11-03 10:02:39,0 days 00:08:29.195162037,2020-11-03
libsnmp-base,2020-11-03 10:02:39,0 days 00:08:29.195162037,2020-11-03
ubuntu-keyring,2020-11-03 10:02:39,0 days 00:08:29.195162037,2020-11-03
python3-urllib3,2020-11-03 10:02:39,0 days 00:08:29.195162037,2020-11-03
ubuntu-minimal,2020-11-03 10:02:39,0 days 00:08:29.195162037,2020-11-03
apache2-data,2022-04-14 09:03:53,0 days 00:17:16.154351851,2022-04-14
apache2,2022-04-14 09:03:53,0 days 00:17:16.154351851,2022-04-14
apache2-bin,2022-04-14 09:03:53,0 days 00:17:16.154351851,2022-04-14
openssh-server,2022-04-14 09:03:55,0 days 00:17:16.154375,2022-04-14
apt-transport-https,2022-04-14 09:03:58,0 days 00:17:16.154409722,2022-04-14
curl,2022-04-14 09:03:59,0 days 00:17:16.154421296,2022-04-14
libcurl3-gnutls:amd64,2022-04-14 09:03:59,0 days 00:17:16.154421296,2022-04-14
java-common,2022-04-14 09:04:00,0 days 00:17:16.154432870,2022-04-14
libavahi-common-data:amd64,2022-04-14 09:04:00,0 days 00:17:16.154432870,2022-04-14
libavahi-client3:amd64,2022-04-14 09:04:00,0 days 00:17:16.154432870,2022-04-14
libpcsclite1:amd64,2022-04-14 09:04:00,0 days 00:17:16.154432870,2022-04-14
ca-certificates-java,2022-04-14 09:04:00,0 days 00:17:16.154432870,2022-04-14
libavahi-common3:amd64,2022-04-14 09:04:00,0 days 00:17:16.154432870,2022-04-14
default-jre-headless,2022-04-14 09:04:00,0 days 00:17:16.154432870,2022-04-14
libcups2:amd64,2022-04-14 09:04:00,0 days 00:17:16.154432870,2022-04-14
libnss3:amd64,2022-04-14 09:04:00,0 days 00:17:16.154432870,2022-04-14
liblcms2-2:amd64,2022-04-14 09:04:00,0 days 00:17:16.154432870,2022-04-14
libnspr4:amd64,2022-04-14 09:04:00,0 days 00:17:16.154432870,2022-04-14
fontconfig,2022-04-14 09:04:07,0 days 00:17:16.154513888,2022-04-14
fonts-liberation,2022-04-14 09:04:10,0 days 00:17:16.154548611,2022-04-14
fonts-dejavu-extra,2022-04-14 09:04:10,0 days 00:17:16.154548611,2022-04-14
fonts-dejavu,2022-04-14 09:04:10,0 days 00:17:16.154548611,2022-04-14
intel-microcode,2022-04-14 09:04:11,0 days 00:17:16.154560185,2022-04-14
libglib2.0-data,2022-04-14 09:04:26,0 days 00:17:16.154733796,2022-04-14
linux-headers-generic,2022-04-14 09:04:27,0 days 00:17:16.154745370,2022-04-14
linux-image-generic,2022-04-14 09:04:27,0 days 00:17:16.154745370,2022-04-14
linux-generic,2022-04-14 09:04:27,0 days 00:17:16.154745370,2022-04-14
grub2-common,2022-04-14 09:04:49,0 days 00:17:16.155000,2022-04-14
grub-common,2022-04-14 09:04:49,0 days 00:17:16.155000,2022-04-14
krb5-locales,2022-04-14 09:04:52,0 days 00:17:16.155034722,2022-04-14
openssl,2022-04-14 09:04:53,0 days 00:17:16.155046296,2022-04-14
plymouth,2022-04-14 09:04:54,0 days 00:17:16.155057870,2022-04-14
plymouth-theme-ubuntu-text,2022-04-14 09:04:54,0 days 00:17:16.155057870,2022-04-14
libyaml-0-2:amd64,2022-04-14 09:05:07,0 days 00:17:16.155208333,2022-04-14
screen,2022-04-14 09:05:08,0 days 00:17:16.155219907,2022-04-14
openssh-client,2022-04-14 09:05:09,0 days 00:17:16.155231481,2022-04-14
ssh,2022-04-14 09:05:09,0 days 00:17:16.155231481,2022-04-14
openssh-sftp-server,2022-04-14 09:05:10,0 days 00:17:16.155243055,2022-04-14
vim,2022-04-14 09:05:12,0 days 00:17:16.155266203,2022-04-14
vim-common,2022-04-14 09:05:12,0 days 00:17:16.155266203,2022-04-14
xxd,2022-04-14 09:05:12,0 days 00:17:16.155266203,2022-04-14
vim-runtime,2022-04-14 09:05:12,0 days 00:17:16.155266203,2022-04-14
unzip,2022-04-14 09:05:12,0 days 00:17:16.155266203,2022-04-14
vim-tiny,2022-04-14 09:05:12,0 days 00:17:16.155266203,2022-04-14
linux-libc-dev:amd64,2022-04-14 09:05:16,0 days 00:17:16.155312500,2022-04-14
libc6:amd64,2022-04-14 09:05:16,0 days 00:17:16.155312500,2022-04-14
libcrypt-dev:amd64,2022-04-14 09:05:16,0 days 00:17:16.155312500,2022-04-14
libc6-dev:amd64,2022-04-14 09:05:16,0 days 00:17:16.155312500,2022-04-14
libc-dev-bin,2022-04-14 09:05:16,0 days 00:17:16.155312500,2022-04-14
libzstd1:amd64,2022-04-14 09:05:17,0 days 00:17:16.155324074,2022-04-14
dpkg,2022-04-14 09:05:17,0 days 00:17:16.155324074,2022-04-14
perl,2022-04-14 09:05:18,0 days 00:17:16.155335648,2022-04-14
perl-base,2022-04-14 09:05:18,0 days 00:17:16.155335648,2022-04-14
tar,2022-04-14 09:05:19,0 days 00:17:16.155347222,2022-04-14
locales,2022-04-14 09:05:20,0 days 00:17:16.155358796,2022-04-14
libc-bin,2022-04-14 09:05:20,0 days 00:17:16.155358796,2022-04-14
libsystemd0:amd64,2022-04-14 09:05:21,0 days 00:17:16.155370370,2022-04-14
systemd,2022-04-14 09:05:21,0 days 00:17:16.155370370,2022-04-14
systemd-timesyncd,2022-04-14 09:05:21,0 days 00:17:16.155370370,2022-04-14
libpam-systemd:amd64,2022-04-14 09:05:21,0 days 00:17:16.155370370,2022-04-14
liblz4-1:amd64,2022-04-14 09:05:21,0 days 00:17:16.155370370,2022-04-14
udev,2022-04-14 09:05:22,0 days 00:17:16.155381944,2022-04-14
libudev1:amd64,2022-04-14 09:05:23,0 days 00:17:16.155393518,2022-04-14
libpam0g:amd64,2022-04-14 09:05:24,0 days 00:17:16.155405092,2022-04-14
libpam-modules-bin,2022-04-14 09:05:24,0 days 00:17:16.155405092,2022-04-14
libpam-modules:amd64,2022-04-14 09:05:25,0 days 00:17:16.155416666,2022-04-14
libpam-runtime,2022-04-14 09:05:25,0 days 00:17:16.155416666,2022-04-14
libseccomp2:amd64,2022-04-14 09:05:26,0 days 00:17:16.155428240,2022-04-14
apt,2022-04-14 09:05:26,0 days 00:17:16.155428240,2022-04-14
systemd-sysv,2022-04-14 09:05:26,0 days 00:17:16.155428240,2022-04-14
libfreetype6:amd64,2022-04-14 09:05:28,0 days 00:17:16.155451388,2022-04-14
grub-pc,2022-04-14 09:05:28,0 days 00:17:16.155451388,2022-04-14
grub-pc-bin,2022-04-14 09:05:28,0 days 00:17:16.155451388,2022-04-14
libglib2.0-0:amd64,2022-04-14 09:05:28,0 days 00:17:16.155451388,2022-04-14
apt-utils,2022-04-14 09:05:28,0 days 00:17:16.155451388,2022-04-14
ca-certificates,2022-04-14 09:05:34,0 days 00:17:16.155520833,2022-04-14
apache2-utils,2022-04-14 09:05:34,0 days 00:17:16.155520833,2022-04-14
ubuntu-advantage-tools,2022-04-14 09:05:34,0 days 00:17:16.155520833,2022-04-14
vems-vpy,2022-04-14 09:05:34,0 days 00:17:16.155520833,2022-04-14
bind9-dnsutils,2022-04-14 09:05:34,0 days 00:17:16.155520833,2022-04-14
wireless-regdb,2022-04-14 09:05:34,0 days 00:17:16.155520833,2022-04-14
vems-snmp,2022-04-14 09:05:34,0 days 00:17:16.155520833,2022-04-14
tzdata,2022-04-14 09:05:34,0 days 00:17:16.155520833,2022-04-14
ubuntu-release-upgrader-core,2022-04-14 09:05:34,0 days 00:17:16.155520833,2022-04-14
bind9-host,2022-04-14 09:05:34,0 days 00:17:16.155520833,2022-04-14
libapr1:amd64,2022-04-14 09:05:34,0 days 00:17:16.155520833,2022-04-14
distro-info-data,2022-04-14 09:05:34,0 days 00:17:16.155520833,2022-04-14
libxml2:amd64,2022-04-14 09:05:34,0 days 00:17:16.155520833,2022-04-14
libx11-data,2022-04-14 09:05:34,0 days 00:17:16.155520833,2022-04-14
libx11-6:amd64,2022-04-14 09:05:34,0 days 00:17:16.155520833,2022-04-14
libp11-kit0:amd64,2022-04-14 09:05:34,0 days 00:17:16.155520833,2022-04-14
libldap-2.4-2:amd64,2022-04-14 09:05:34,0 days 00:17:16.155520833,2022-04-14
libkrb5support0:amd64,2022-04-14 09:05:34,0 days 00:17:16.155520833,2022-04-14
libkrb5-3:amd64,2022-04-14 09:05:34,0 days 00:17:16.155520833,2022-04-14
libk5crypto3:amd64,2022-04-14 09:05:34,0 days 00:17:16.155520833,2022-04-14
libgssapi-krb5-2:amd64,2022-04-14 09:05:34,0 days 00:17:16.155520833,2022-04-14
distro-info,2022-04-14 09:05:34,0 days 00:17:16.155520833,2022-04-14
libgd3:amd64,2022-04-14 09:05:34,0 days 00:17:16.155520833,2022-04-14
libgcrypt20:amd64,2022-04-14 09:05:34,0 days 00:17:16.155520833,2022-04-14
libgnutls30:amd64,2022-04-14 09:05:34,0 days 00:17:16.155520833,2022-04-14
accountsservice,2022-04-14 09:05:34,0 days 00:17:16.155520833,2022-04-14
sudo,2022-04-14 09:05:34,0 days 00:17:16.155520833,2022-04-14
libtiff5:amd64,2022-04-14 09:05:34,0 days 00:17:16.155520833,2022-04-14
python-apt-common,2022-04-14 09:05:34,0 days 00:17:16.155520833,2022-04-14
python3-apt,2022-04-14 09:05:34,0 days 00:17:16.155520833,2022-04-14
python3-distupgrade,2022-04-14 09:05:34,0 days 00:17:16.155520833,2022-04-14
libaccountsservice0:amd64,2022-04-14 09:05:34,0 days 00:17:16.155520833,2022-04-14
python3-yaml,2022-04-14 09:05:34,0 days 00:17:16.155520833,2022-04-14
isc-dhcp-client,2022-04-14 09:05:34,0 days 00:17:16.155520833,2022-04-14
libldap-common,2022-04-14 09:05:43,0 days 00:17:16.155625,2022-04-14
libltdl7:amd64,2022-05-10 09:06:43,0 days 00:17:42.156319444,2022-05-10
libmagic-mgc,2023-11-15 10:42:59,0 days 00:26:56.223171296,2023-11-15
libgcc-s1:amd64,2023-12-03 20:39:01,0 days 00:27:14.637083333,2023-12-03
libcom-err2:amd64,2023-12-04 05:00:22,0 days 00:27:14.985243055,2023-12-04
pci.ids,2023-12-04 05:00:22,0 days 00:27:14.985243055,2023-12-04
libext2fs2:amd64,2023-12-04 05:00:22,0 days 00:27:14.985243055,2023-12-04
libquadmath0:amd64,2023-12-04 05:00:23,0 days 00:27:14.985254629,2023-12-04
